followers,id
2bit,2bitpng
fujikaWA,fujika_WA
ã‚ã•ã‚Šã‚“ã”,morningapple99
tombo,tombo_choco
akihiro,akihiroyama_it
ç¦äº•å¤§å­¦ç«¶æŠ€ãƒ—ãƒ­ã‚°ãƒ©ãƒŸãƒ³ã‚°ã‚µãƒ¼ã‚¯ãƒ«,uf_atcoder
"èŒ¶ã¡ã‚…ã† #BFS,DFSé ‘å¼µã‚‹",kyopurochu
ã¡ã‚ƒã°,tyaba55
ã‹ã¹,kabe_239
recta_002,recta_002
yassu@N=1,yassu0320
ã—ã‚“ã» ã‚›ğŸ¦•,saurus_kp
ãƒŸã‚±ã‚µãƒ¡,mike_ngc
yadon,Seipann11
#Kã•ã‚“,fuutyoukagetsu
take000,gaming_linux
CapoCapo,cpbm_p
ã—ã’ã‚‹,shigeru_0414
atmaæ ªå¼ä¼šç¤¾,atma_inc
nyker_goto,nyker_goto
ã“ã‚ã‚“ã³ã‚,colum2131
kobanzame,kobanzame_313
æ­¦å³¶ï¼ˆpaizaäººäº‹ï¼‰,paizaHR_take
ã‚ããğŸ¶,akikuno_kyopuro
yukicoderå…¬å¼ã‚¢ã‚«ã‚¦ãƒ³ãƒˆ,yukicoder
ã¤ã‚‹ï¼ˆç«¶ãƒ—ãƒ­ï¼‰,theory_and_me
É¹ÇÊÉ”ol,locker_math
kentand,kentand48715972
eheka,ehekatlact
å²¡å±± é›„å“‰,YuyaOkayama5516
t,tmf16
nmoon,_nmoon__
eijirou,eijirou_kyopro
Yourein,Yourein1
ãã‚Œã„ã—ã‚ƒ@13æ—¥ç›®,icestdy
Syleir,_vy3
paizaæ–°å’,paiza_student
ã¾ã‚‹,marusen0618
ã‹ã®ã¾ãŸ@paiza,h_kanomata
119Â«23|1,magurofIy
ã‚¹ãƒ‘ãƒ¼ã‚¯ãƒªãƒ³ã‚°é»’ã‚³ã‚³ã‚¢@é€€è·ã®æ‰‹ç¶šã,bk_cocoa
ãƒã‚ºãƒã‚º(Ochi Yuma),chizu_potato
meruuu,meruuu61779999
await(2),materialofmouse
ã—ã‚…ã‚Œã¬ã“,syurenuko
Ryuki å¤§ä¸æ€è­°3ã«ãªã‚ŠãŸã„ No War,Ryuki87241978
é›ªè¦‹ã ã„ãµã,nene__1125
ãºã‚‹ã (å¤§å­¦å¢),PerukiFUN
ï¸Ryoga.exe,Ryoga_exe
ã¬ã¾ãã‚ãƒ¼,ant_kyopro
ãƒˆãƒ„,102_totu
ã‚³ãƒƒãƒ› & koch,chuang_ma_ku
ã«ã—ã‚“,95NwzRcqNgdvUvr
kono,kono_kono_ko
fcivil,fcivilstd
ã—ã‚…ãƒ¼ãã‚“ã,SyuKing_love
æœ‰ç‚º,uwitenpen
yuki,yuki93753711
shoku_pan,shoku_pan_pan
ã¯ã„ã©ã‚‹,hydru_code
9W3R7Y (ãã‚ãƒ¼ã¦ãƒ),qwerty_16180339
ã¯ã¾ã™,hamathpf
ã‚ã¤ã—@ã˜ã‚ƒã„ã”ãƒ†ãƒƒã‚¯,atsushi_0919_
mmmmor,mmmmor_
ã²ã„ã‚‰ã,hiiragit123
ren,renren998244353
paiza[ãƒ‘ã‚¤ã‚¶],paiza_official
kochi,ko__ch_
ç¨²è¦‹æ˜Œå½¦â›…INAMI Masahiko,drinami
Sma,gouwanowan
ã‹ã­ã—ã’,shigeyu_info
ã‚ãªãŸã¨ã‚±ãƒ‹ã‚¢,kenya_k66
é¶´äº€,NokonoKotlin
Aoi,Aoi49021399
ã—ã‚ã„ã‚ã¥ã,shiroi_aduki
ã¬ã‚‹,nullct_
ã‚†ãã†ã•à«®ê’°Ëµâ€¢ ï»Œ â€¢Ëµê’±áƒ,YukiusaFuwaFuwa
ã„ã“ã¾,ikoma_3
æ‘äººã•ã‚“,alpestre_nitor
ã†ã•,iqkj7zpp
ã¡ã‚ƒã¾,tyamattya35
takumi152ğŸ’‰ğŸ’‰ğŸ’‰,takumi152
ã‚Šã‚…ã†ã›ã„,ryusei_ishika
kota,kota__coffee
ãƒã‚»ã‚³@paizaãƒ©ãƒ¼ãƒ‹ãƒ³ã‚°,gf1GhcUf92cCVga
Saza,Saza_xxx
ä¿¡æ¿ƒã®å­¸å¾’,ml_statistics
ã±ã†ãˆã‚‹@ç«¶ãƒ—ãƒ­,__penguineer__
Hika,Hika980_Niwa
Hirohito,hirohito1971
ç«¶ãƒ—ãƒ­ã‚’ã™ã‚‹ãƒã‚¤ãƒ¡ãƒ­,AtcoderB
ã“ã‚Šã‚‡ã†,k0_ry0u_
Mot,Mot2329
ã‚¸ãƒ¥ã‚­ãƒ¤,juki_DSandGM
Diary@ç«¶ãƒ—ãƒ­,Diary_kyopro
ã™ã¦ã£ã‚‰,stella1225_kyop
taiton,taiton_k
paizaãƒ©ãƒ¼ãƒ‹ãƒ³ã‚°,paiza_learning
ãŠã¦ã¤,otetsujavajava8
ãƒ¢ãƒãƒ©ãƒ³,programsamisii
Freesia,Freesia_maple
ã‘ã‚€ã«ã@ç«¶ãƒ—ãƒ­,kemuniku
Miyuki Kondo/ã‚ã¹ã¿,cats0830v
run,small_harurun
ã‚Šã‚‡ã‚“ğŸ•Š,thisisryou_reb
ã‚ã‚“ã§ãƒğŸ¯7/30ï¼ é‡ç”£å‹ãƒ†å¾’,unidentifiedexe
éœ²è‰,tsuyu93_main
itt828,itt828
ãªã£ã¡ã‚…_èŒ¶,Nattyu_cpp
c7c7,C7C7LL
kojihashimoto,kojihashimoto09
ã‚‚ã‚‚,momo_demodori_
ãªã‚Œ,nareO7
ã‚“ã¡ã‚ƒ,shinchankosen
Rajat Shahi,KnowmY__name
yg,grigri_grin
ã—ã‚ƒã‹ã‚„ã¿ï¼ˆç«¶ãƒ—ãƒ­å¢ï¼‰,shakayami_kpro
ã‚‚ã¡ã‚‚ã¡,motimoti_purinn
Kanten4205,cumyou52901
ainem,ainemixion
zuka,zuka0950
ã‚Šã‚…ã†ã•ã,ryuusagi
ãƒãƒ§ã‚³ãƒ©ã‚¹ã‚¯,nuo_chocorusk
ğ¾ğ‘’ğ‘–ğ‘¡ğ‘ğŸ,keita1_atcoder
ç‚’ã‚ãƒãƒ£ãƒ¼ãƒãƒ³,itachamisc
Tqk(ç«¶ãƒ—ãƒ­),tqkoh
laycrs,laycrs
MasKoaTS,MasKoaTS
ã¾ãã—ã‚…ãŸ,magsta_key
ã·ã£ã¡ã‚‡,putcho01
æœå‹ã®ã‚¸ã‚§ã‚·ãƒ¼,Jessica_nao_
ã‚­ãƒ³ã‚­ãƒ³,kinkincindy
ã¯ã—ã‚‚ã¨ã§ã™@ç«¶ãƒ—ãƒ­,hashi_py
ã‚†ã‹,yukacp_
Tyama,tttyama1030
ãŠã†ã©ã‚“,aIucrex_kpr
Ordeen,izqnqi_Ordeen
ãºã‚“ã‹ãª.jpğŸ™ğŸ”¥,penpen_kanaria
ãã…ã“ã±,guu_copa
ã•ãµãã„ã‚,sapphire_math
ã‚ã§ã®ã²ã¤,adenohitu
vanilla,vanilla__nd
get up early,idolikeshishamo
milkcoffee,milkcoffeen
Satoshi Nakamura / sak,sak_algo
ã¾ãã™ãŸ,magstadayo
andpdas(ã‚ã‚“ã©ãƒ¼),andpda2
ãƒ“ãƒƒãƒˆ,bit_kyopro
sKa:unknown,s_k_vperyod
si,iiljj
Coki,Coki628
US_cube,US_kyopro
NatsubiSogan,NatsubiSogan
ãˆã“ã£ã¦,eco4kb
ãˆãŠãˆãŠ,eoeo_ooo
ã—ã¾ã—ã¾,simasima_71
ãƒ©ã‚¯ãƒ©ãƒ ã‚·,raclamusi
suisen,_su1sen
ããƒ¼,so_prog
ç«¶ãƒ—ãƒ­ãŒå¥½ããªå‡¸å®ˆæ—©è‹—,kyopro_dekomori
PercaveI,kr112Perceval
ã‚€ãƒ¼ã¿ã‚“,muu_3363
jibiki,kyopro825
taiga0629,taiga0629kyopro
Sugsugar,48thread_uqs
nawa,nawawan_kpr
ï¸ï¸ğŸ¸ã„ã¾ã„ã¾ã„ğŸŒ,imaimai17468
SPYÃ—FAMILY,takos_chiramy
ãã‚“ã‘ãƒ¼,kinkeidayo
tomato_coder,CoderTomato
Sino,sino0042900
ion_,ioninoi
ãªã¾ã¡ã‚ƒ,namacha_411
ã“ã‚‚ã‚Šã‚“@ãã‚‡ã†ã·ã‚ä»–,komorin9507
ãã‘,k239j966
shige-oku,shigeoku1
netobas,netobas3
F-Symmetry,FGym_math
Hiroto Kurita,kuriyan1204
ãã‚‰,5lV0VV_sky
ãŠã£ã°ã£ã‘ã£ã§ã£ã™,OBAKE_DESUYONE
ããŠã”ã‚‹,Kiogoll
ã“ã‚“ãŸ,SidewaysOwl
ã¡ã‡ã‚“,tyenn7
ã‚«ãƒ«ãƒ€ãƒ,cardano1016
ç‰‡å±± è‰¯å¹³@paizaä»£è¡¨/ä¸€ç·’ã«åƒããŸã„äººå‹Ÿé›†ä¸­,rk611
è¥¿æ‘æ´‹ä¸€éƒ@learningBOX/é–‹ç™ºè€…å‹Ÿé›†ä¸­/Webç³»/å…µåº«çœŒ,ynishi2015
Kawazap,mikan45593608
ã‚‹ãƒ¼ã¿ã,Rumia_math
ã‚ã‚‰ã,Meraque_
ã´ãƒ¼ã‚ˆ,ywmt_kpr
ãƒ‰ã‚¯ã‚¿ãƒ¼ã“ã‚ã‚‰,DY811_koala
ã‚„,yanosan_mj
ã‚ã‹ã‚Šã,akariki_
ã—ã‚…ã‚“sĞš,nshun_nuhsn
ã¨ã‚‚ã¡ã‚ƒã‚“ï¼,tomo0611_
ğ—¥ğ—œğ— ğ—˜ğŸ˜µâ€ğŸ’«,rime_yoda
ã ã‚“ãºãƒ¼,danpeeei
kshy,kshy_xy
hiikunZ,hiikun_Z
ã·ã£ã¡ã‚‡,p_kyopro
Eguy,094La50wJ8O5RaU
ãµãã„ã€‚,loblium
heaveneleven,heaveneleven521
ã‚ã‚‹ã°,Aruba_77
ã ã‚‹ãŸãªã‚“,j_j_i_tch
iso,math_olympian
ã¨ã‚Šã‹ã„,greenparakeet4
m_99,m_99kyopro
Segtree,Segtree
ã‚„ã†,YawpointQ
ã²ã§ã‚ãƒ¼@ç«¶ãƒ—ãƒ­,itohdak_kyopro
Koshiro T,K___0000000
ã“ãª,kona0001
ãµğŸŠğŸŸ,fukiiiii_o0
ã½ã‹ã½ã‹,cpbm_b
ã±ããã„ã‚,takacpu55
ã¿ã¯ã¤,mihatsu_s
ã¾ãã™ãŸ,XxXmagstaXxX
chokudai,choku_key_dai
watağŸ²,ozkoharu
ãƒ”ãƒƒãƒ”ğŸ¦´ğŸŒ°,pippi0057
ã‚¸ãƒ§ãƒŠ,andrewjonah0418
ã¨ã¨ğŸ¦,thoth000
"é€†ã«,",NOCO_1002
amino,amino_math
ã™ã,18_uqs
ãµã‚ã‚€K',KFrom40
ã¯ã‚‹ã«ã‚ƒ,AliceMusic_
ã‘ã‚“ã‘ã‚“,nuenunue
ã¯ã,h44cp
ãˆã³ã¾,evima0
ã“ã¾ğŸ’¸ğŸ’¸ğŸ’¸ğŸŒğŸ’¤,k0masandesu
ã¼ã®ğŸ¦¦é£Ÿäº‹åˆ¶é™1600kcal/day,bono_social
ã»ã­ğŸ¦´,proribone
w2w2,w2w2_222
ã‚¯ãƒ«ãƒˆãƒ³,kuruton456
Curiosity,Curiosi46542428
nakamurk,nakamurk1218
ç´ åœ°å¤ªéƒ,50j1_
motu,48532_motu
ãã‚ã‚Šã‚ãƒ¼ã¨ã‚‹ğŸ¥°é«˜2å¥³å­,mm0314main
ã‚ã½ã‚,apolo_cr
âœ¹ã†ã«ã ã‚ˆâœ¹,u2dayo
ã‘ã‚“ã¡ã‚‡ã‚“ 2 å·,drken_AC
ã¨ã‚ˆ,tooooyyo
ã™ã‚‹ã„ã‹ã‚,__KameKun__
scol,scol_kp
iã®iä¹—ã¯äºŒå‰²ã»ã©,constant_pi
hori,horiy0125
Polar,For_Polar_Night
Ruby@èŒ¶742,RubyLrving
ã¿ã‚…ã‚Œã„,mymyuray
ã¡ã‚‹ã‘ãƒ¼ã,xuelei7
èªçŸ¥ARãƒ‡ãƒ¼ã‚¿ç§‘å­¦å›è·¯ç†è«–è«–ç†å›è·¯CBDã²ãšã¿,tamacake39
gunmaneko,gunmaneko1
H20,H20_dhmo
åŠ è—¤ã¾ã‚‹,mr__py
Linuxmetel,linuxmetel
saba,saba_kpr
ã¿ã‚‹,millecrepe_umai
ã®ã‚Šã‹ã‚,norikame_d
ã‚¨ãƒ«ãƒ´ã‚£ãƒ³,elvin_bit
æ²³å´é›…å½¦ï¼ˆç«¶ãƒ—ãƒ­ç”¨ã‚¢ã‚«ï¼‰,mkawa2
bin,5bin101
ã¾ãã’ã‚“ãŒãƒ¼,gengar094kypro
ã™ã¦ã‚“,sten_san
mimam,mimam_1204
ã‚ãšã‚Šãˆã‚‹ğŸŒ¸,poyothon
1783,1783dayo_
greed,1998_greed
Xenous,xenous893
Narasaki,KanNa_Narasaki
nokusu@ç«¶ãƒ—ãƒ­ğŸŒ²,nokusu_shojin
ãŠä»•äº‹ã¯è‰¯ããªã„,mitsunoir
ãˆã«ãã¾,Enigmatchataro
cutfuguğŸ¡,kirifugudesu
ãŸã‚‰ã“Ïµ( 'Î˜' )Ï¶,tarako_dao
ã‚¿ã‚¤ãƒ¨ã‚¦,Soleil_7103
KuuğŸ£ğŸ±ğŸ›¤ğŸš—ğŸ›©,Fumiya_Kume
Raiu,Raiu_typing
riano_,riano_17
ã¾ã¡ã‚‡P,machoniump
ã‚‚ã‚‚ã¯ã‚‰,momohara_kyopro
ç”Ÿå­˜å ±å‘ŠğŸ‘»,t__bot_
ä½è—¤è£•ä¹Ÿ,satoyuyapyaa
å¿ƒã‚’å…¥ã‚Œæ›¿ãˆãŸã„åŒ—å¤§ç”Ÿ,kaggle_hokudai
Sqrt10,Sqrt10_31622776
Pythonistaã¯ã‚‹ã‹,Pythonista_hal
DiKO,d1k0b3o
ã‚„ã¾ã‘ãƒ¼,yamake_cpp
å­£ç¯€ã®ãŠã™ã™ã‚,jin_kyopro
ã©ã†ãã°ã“,dougubako_stk
ã‚‚ã‚‚ã‚‚,momomorgentau
satama,satama91919287
tute,tute7627
ã“ã‚‹ã¼ãƒ¼,zero_kpr
ãƒ¤ã‚¹,yasu_salmon
æ¾é˜ª,mt_saka
ã†ãˆã,Ll_e_ki
ãªã™ã³,Anko_nasubi
yapoo,_yapoo
menatsu,mimimi38753999
sekai,sekai58793468
harurunğŸŒ¹,harurun_p
NaHCO3,NaHCO3_314
ã†,urawa72
physharp,physharp
ã‚€ã™ã‹,MUSUKA0605
masa,_masayasviel
ã—ã‚ƒã(Suunn),dem08656775
uraoz,uraoz
chineristAC,ChineristA
ã‚‹ã‚“ã·ãƒ¼ã‚‹/Runpool,Runpool_1
yuto,yuto1115_cp
ã´ãªâ˜ªï¸ğŸ“Œ,Kak1_n0_tane
tankai,miiro_tankai
ã‹ã„ã¨,tran0826
ã‚¿ãƒŠã‚¤,okinawa__noodle
ã‘ã‚“ã¡ã‚‡ã‚“@ç«¶ãƒ—ãƒ­,drken_procon
ã¿ãšã­ã“,mizuneko____
natu9000,natu9000
nopá“pon,nopopon
éµã®ã‚¸ã‚§ã‚·ãƒ¼ğŸ—,Jessica_nao_2
Yuta Nonomiya,premed64
ã†ã«ã‚‡ã‚“,kyoprouno
ãŠã˜ã‚ƒã‚ã—,ojame__2468
ã—ã‚“ã¡ã‚ƒã‚“,Sophia_maki
Mr.åŠ©æ‰‹,Mr_Lu0071
ãƒã‚¹ãƒšè½ã¡,Bitrate0
Rxiv,kyopro_rxive
ooo__,oooo_ououou
yoppiii@23å’,yycompany3
Toshi,tsh_104
ã“ãŸã¾ã­ã,small_onions
ã‚Œã¼,lebolcity
mink,mink1618033
Í,Treewhitetree
èœ˜è››(ãƒ¢ã‚­æ¬¡éƒ),cloudman_P
ã„ã£ã‚«ã‚¹ã®æ°‘*_*,ikkyufacku
ãŠãµã¨ã‚“ã‚‰ã¼@ãƒ—ãƒ­ã‚³ãƒ³ç”¨,MohutonLab_comp
ã™ãšã‚,Mayu_snba19
fuuga,ttomomasa
ã‚»ã‚°æœ¨,sleeping_poyo
Shuz*,Shuzaei
shio,shio_sa1t
Forested,Forested_
ãªããŸ,nagitausu
GY,gy_kyopro
ç«¶ãƒ—ãƒ­ä¼‘æ­¢ä¸­,kyopro_enjoy
shibak3333n,Shibak3333n
ã­ã¦ã‚‹ãã‚“,neterukun_cd
SakuraiğŸŒ²,Sakurai00K
Kanten4205,Kanten4205
ã¾ãã™ãŸ,_magsta
ã°ã‚„ã—ã“,bayashiko0226_w
Tsubame,Tsubame_misa
earlgray,earlgray329
dokin,ayoiyouyoeyo
Spady,Spady_JP
Chris,Chris_wsd
ã›ã„ã‚†ã†,seiyu0225
Kazun â—¢ÍŸâ´â¶,Kazun_kyopro
ã¯ã„ãˆãª,hyena19991218
donuts,donuts_29
ã˜ã‚…ã½,298slider
ã›ã„ã‚†ã†ã£ã†ã£ã†,seiyu_kyopro
ã—ã¾ã‚Šã™,shimariasu
myau,myau_atcoder
ä¸ˆè±ŠğŸ´ğŸ”¥,Re_take911
ã‚ã‚Šã™,ks37814026
siro53,shiro537
stoq,stoq_
ã‚Šã‚“ã‚ŠãŠã‚“,rinrion03
shamadayo,c2hhbWFkYXlv
ã•ã£ã¡ã‚ƒã‚“,toshiakisan1127
north@paizaãƒ©ãƒ¼ãƒ‹ãƒ³ã‚°,north000000000
mtrh,mtrh_81
ã˜ã‚…ãƒ¼ã™ã„ã,deuteridayodayo
ã‚‚ã™ãƒ¼ã‚“,Mo_SoooN
zkou,meander_uts1
Ryuki,__zeronosu77108
ãƒ„ã‚«ã‚µ ã—ï½¥Ã—ï½¥ï¼µ@æœå¤•æ¤œæ¸©,tsukasa__diary
ãã£ã¾ã£ãã£ã¾ğŸ‘»ğŸ˜¡,kumakumaaaaa__
ã‚ã‚‰ã„ãã¾,Array_guma
mogurin,mogurin_kyopro
å®Œå…¨ç„¡æ¬ å¤©æ‰ç¾å°‘å¥³,tlapesium
estis,estis_info
ã“ãŸã¤ãŒã‚,kotatsugame_t
ã´ã‚ˆ,hiyoko_coder
keijak,keijak
ã—ã‚‰ã™ ğŸ¬,shirasu_oisi
marocas,marroncastle917
tubo,213tubo
tatyam,tatyam_prime
Sora Arakawa (arkw),arkw0
ã‹ã„ã‘ãƒ¼,KaikeyPro
ã”ãã¡@æ•°ç†æœ€é©åŒ–,gg_kyoupro
MiniSlime,Isikawa_Ksaburo
ã‚Šãƒ¼ãµ@ç«¶ãƒ—ãƒ­,leaf_1415
ç«¶ãƒ—ãƒ­er Bot,cper_bot
ã®ã„ã¿,noimi_kyopro
å°æ—ä¸€èŒ¶,kobakoba_issa
TKG@OnlineMathContestä»£è¡¨,tkgdayo__
ã‚ã‚ãµã‚Š ã¦ã‚‹*,Amefuri_Tell
Cafelatteâ˜•à¶,Cafelatte_8610
é¶è‚‰,uw_yu1rabbit
ã‚Œã‚‚ã‚“(æbot,_lem0n_
ãã¬ãƒ¼ğŸºğŸ,n_knuu6
ãµãã‚“ãŸ,phanta_stick
ã‚‚ã‘,r193333333
kuhaku,kuhaku_space
penguin46,ryota_cpp
ã‚Šã‚“ã‹ã,outline_hoge
@yosukesandğŸ—,yosukesand
kemkem,kemkemG0
Seri,serine_math
ã‹ã¤ã£ã±@ç«¶ãƒ—ãƒ­YouTuber,catupper
ã—ã‚ãŒã¿ã¡ã‚ƒã‚“ï¼ˆèƒ¸ç­‹ãŒã§ã‹ã„ï¼ï¼ï¼ï¼‰ğŸ¶ğŸ¸ğŸº,sirogami_main
face4,4ecaface4
ã—ã‚“ã‚‚ã¡,ta7uw
ğŸ€ğŸ±ğŸ”®,hotarunx
ã¦ãƒã€œã‚ã„,777nist
odannyğŸ¶,dannyso16
Noboru,onnoboru
ã®ã¤ã˜ã•ã‚“,vD43atPbTzPGCiL
taiga,taiga000629
shu8Cream,shu8Cream
krkr,krkr14_679
Nanashi@å¤æ–‡0ç‚¹,WrongAccept
tnodino,tnodino
ã‚€ã„ã«ã‚ƒã‚“â™¥,mui_nyan
oliverx3,oliverx3_
platinum,platinum_prog
RheoğŸ‹,RheoTommy
ã»ã‚ãŸã‚‚ã‚“ğŸ’®,denden_by
205,205_series
ã‚¢ã‚¤ã‚¹,mow_icey
ãã‚Œã¯,cr_var
ã‚¢ãƒ³ãƒ”ãƒªã‚«,anpirika
Manuel1024,Manuel10240
Takeshi Koshizuka,KoshStorm
ã‚ã¨@nCk,Nck31098799
ã¿ãªãğŸŒ±,minagi_yu
Altair,Altair1222
ã‚Šã‚“ã­,rinne223606
ã„ã¤ã,itsuki_jpnlonvn
penicillin0,penicillin0at
ãµã‚†ã‚‹,Fuyuru_yumemin
ãŠãã‚“ãã‚“,mgingin142857
ã—ã‚ƒã‹ã‚„ã¿,shakayami_
ãˆã™ãˆãµ,sf__eng
tada72,tada721
tardigrade(ãŸãƒ¼ã§ãƒãã‚Œã„ã©),akTARDIGRADE13
akane,reendapo
suzuken,suzuken_w
#import winter,winter_cpp_
ã‚Šãã½ã‚“ğŸŸ,ricky_quikem
Emacsã‚’ä½¿ã†æ—©å‚@ç«¶æŠ€ãƒ—ãƒ­ã‚°ãƒ©ãƒŸãƒ³ã‚°,mf0x1c
JJ1GUJ,jj1guj
æ¯’ã‚Šã‚“ã” ğŸ‘‘,poisoned_04
ã—ã„,white_1107
LukeğŸˆ,Luke02561
ãŠãã®,oginoshikibu
ã°ã‚“ã¶ãƒ¼ğŸ‹|Ï‰ï½¥),bamboooo_music
ğ•£ğ•–ğ•˜,hoge112233
ãŸ,tttm_tech
kova,KovaPlus
kerozou,takerous7
woLgniK,nadekuc
ã¡ã‚ƒã“ãƒ¼ã ãƒ¼ã€€chacoder,chacoder1
ã‚¿ã‚­ã‚¬ãƒ¯,ttkkggww
recta,recta_001
ã¾ããµã‚‰ã„,0x3b800001
nok0,nok0_kyopro
Natsu Ozawa,ntszw
èŒ…é‡,Kayanochann
ã†ãˆã™ã.war,takeda_SE
Phan_yLeï¼ ãµãã‚“,YlePhan
ç¥é³¥å¥ˆç´—,sounansya_
ã¦ã‚Šã‚„ã,komite_kyopro
ã ã‚Œâ˜†,pro_anyone
TAB,_____TAB_____
ã·ã«ã·ã« ã‚¨ãƒ³ã‚¸ãƒ‹ã‚¢è¦‹ç¿’ã„,puni_kyopro
è¿·è·¯,pazzle1230
bayashiko,bayashiko_kpr
Nola,Noela3141592
ã‚Šã‚‡ã†ã™ã‘,ryosuke0825_
confeito,51_24_11_
æ¦Šã€€çµ±,sakaki_tohru
nakasutam,nakasutam
ã‚ªã‚ªã‚¹ãƒŸ,osumi_kyopuro
ã¹ã‚‹,BELL_kyopro
nogu,knogu_
ğ—…ğ—ˆğ—‡ğ—€ğ—‹ğ—ğ—‡,1on9run_zun1027
paya,paya12210736
ã‚€ãƒ¼ã¿ã‚“,KUeeyy36
ã•ã‘,pro_rop2
éœ²è‰,constant_drops
Ren,lotus888choco
ãŠãƒ¼ã˜ï¼w,asdf1____
èŒ‚å‘‚,tanakaziroo
modo_ckey,modo_ckey
74,vietn4m74
ãˆã¿@ç¤¾ä¼šäººå¤§å­¦é™¢,mimimi__c39
ãƒã‚·ãƒ„ãƒ¢,hashitumo10to
Sooh,A_c_m_a_n
ã¬ã¾,__N_u_m_a
Lupus,ookami7kun
sugapiko2,sugapiko2_
ãã‚“ãã‚‡,kyopro_goldfish
serpent,serpent_kyopro
ã‚ŒãŸã™,fairly_lettuce
ã‚†ã‚‹ã‚Š,yururi0818
ã„ã‹ã—ã€‚,ika__si
uuuu_sğŸ“ˆ,uuuus17
ã—ã‚‡ã¼ã‚“,shobonvip
Ben@è™š,Benstudys
senarice,ricenotubuyaki
ã‚†ã¡ã“ğŸ™,yu5shi8
ãŠã‹ã‘,okake_1109
mato,mmatthew_43
ãµã‚…ã—,groglobnebner
kooger,kooger10
charter,derdon0
ã‚³ãƒƒã‚³,cocoinit23
ã„ã‹ã®å¡©è¾›,shiokara_create
Atria,AtriaSoft
duck,duck_falcon
ãŠã‰å‘³å™Œæ±ã€‚,OxOmisoCyan
ï½²ï¾…æœˆ,Vanilla1810
tetsuyanaâ˜•,tetsuyana0
ã“ã†ã¦ãƒãƒ¼,koutykkk
JIKKAMETALâ¤ï¸ğŸ¦‹,realDivineJK
Akira KANAI,recuraki
oro9,oroninehn
crom,ha21_crom
eSeF,esef271
è¥¿æ‡¸,nishigake
ãŸãªã£ããƒ¼@ç«¶ãƒ—ãƒ­,tanakki_kyopro
Ù’,3w36zj6
FatherScorpion,FatherScorpion7
ããƒ¼ãŸã‚Œ,guutare_indoor
Numero,Numero_575
ã©ã‚Šã¿ã‚ã‚“,dorimiamn
yaumu3,_yaumu3
Narapi,cw09f01g05y
hotman,hotmanww
ã«ã‚ƒã«ã‚ƒã‚“,Nyanyan_Cube
æµ…ç¸¹,asahanada_m
Noya2,noya2ruler
pstzq,pstzq_kyopro
kome,idat_50me
calliope,calliope_pro
ã‚ã©ã¼ã—,_adoboshi
ã‚‚ãŠã‚ã,moooaki
sunbear,sunbear0226
ã·ã€œã¹ã‚@ç«¶ãƒ—ãƒ­,poohbearprogram
ãµãã»( 'o' )!!!,fukuro_hoho
Jupytor,Jupytor1
çµ¹è±†è…,kinudoufumr
ğŸœãŒã‚“ã°ã‚Œæœ€å¼·åœ’å…ğŸœ,saikyo_enji_nya
ã½ã‚‹ã½ã‚‹,polpol_kyopuro
ã‚¶ã‚¦ãƒ«ã‚¹,zaurus_yusya
ãŒã’ã‚“,92957109a
ã¾ã•ãã@,affine_space
atree,atree4728
hiroa,hiroa06
åº—é•·,_shop_one
NASSUN,ei1906
ei1923,ei1923
ã‚ã‚‹ã¾ã‹ã‚“â˜€ï¸,Arumakan_ei1727
ã†ã¨ã†ã¨,utouto97
ã¾ã¤ã‹ã‚,tpyneriver
banta,banta4774
ã•ã‹ãª,Enjapma_kyopro
ç‰©ç†å¥½ã,butsurizuki
ã‚‰ãµã¨,laft_kmc
ğŸ„·ğŸ‘ğŸ—_ğ‘ ğ‘¤ğ‘’ğ‘’ğ‘¡,H39_sweet
Tensho/ç«¶ãƒ—ãƒ­å‹‰å¼·ä¸­,tenshoprog
ã¨ãŒ,57tggx
å®‡å®™ãƒ„ã‚¤ãƒƒã‚¿ãƒ©ãƒ¼X,kenkoooo
zezero,_zezero_
ãŸã ã®,tadano_oji
43rd KCLC,43rdKCLC
Tako!,TLE_maker
yuma,yuma220284
pitsu,pitsu_kyo_pro
ã„ã®ã¯ã‚‰ã“ã¼ã— (ç«¶ãƒ—ãƒ­),koboshi_kyopro
tabae,tabae_kyopro
convexå®ˆæ—©è‹—,omc_dekomori
ãˆã³ã—ã‚…ã†,Ebishu_
MZKi,MZKi__
åå…­å¤œã€€é¾ï¼ æ˜¥çœ ä¸­,Izayoi_R_sakura
ã‹ã‚ã‚‰@ç«¶ãƒ—ãƒ­,kawara_y_kyopro
ğŸ˜‡sanadağŸ˜‡,sanada_atcoder
ç”˜ç³–ã·ã‚Šã‚“ğŸ«â˜•,sweetpudding171
å…«æœ¨é¢¯ä»,HayatoYagi1013
ã·ã‚‰,Pura_prime
ãŠãµã¨ã‚“ã‚‰ã¼,ohuton_labo
Joe,xuzijian629
é¤Šé¶å ´ã®ã‚¿ã‚³åˆºã—,ei1929_act1
ei1918,ei_1918
tktk,tktk_snsn
nishiwakki,westwakki
ã¨ã¾ã‚Šã‚“ğŸ€,tomarint
nullğŸ†ğŸŒ§,null_0124
ã™ã®ãƒ¼ã°ãƒ¼ã©,snowbird315__
ãƒãƒªã‚¨ã‚¹ãƒ†ãƒ«,polyester_CTRL
sanao,sanao10000
ntk,ntk_ta01
ãƒãƒ§ãƒ¢ãƒãƒªã‚¹,chomonolis
Kota,kota0501_orca
haruki,haruki_4936
otamay@ç«¶ãƒ—ãƒ­,otamay6
ã‚†ã†ã£ã†ã£ã†ğŸ›¸@ å¤šæ¬¡å…ƒé…åˆ—ã¯ä¸€æ¬¡å…ƒã«ç›´ã™,yuusanlondon
regi,Re_code_A
remono@æ°´coderè‰¯å•13/100,remono1031
8wings,8wings64
ã‹ãˆã§,kaede20203
ã‚«ãƒ«ãƒ”ã‚¹ğŸ’Š,wkrps_v
Nã¯ã‚‰,N___hara
SF,School_Flag734
ç¶¾ç€¬ / aya_se,Hakuba_snow
ãã‚‰ã„ãˆ,soraie_
ã¾ã©ã‚Œãƒ¼ã¬ğŸ«,madoreenu314
S_K,watasihakodama
nico_shindannin,nico_shindannin
G4NP0N,G4NP0N_kyopro
ãã‚Šã¿ã‚“ã¡ã‚ƒã‚“/é®­ä¹ƒãã‚Šã¿ğŸ¦ãƒãƒ¼ãƒãƒ£ãƒ«å¹¼å¥³ãƒ—ãƒ­ã‚°ãƒ©ãƒ,kirimin_chan
karayan_ac,karayan_ac
ã‚¿ãƒ—ãƒªã‚¹(ç«¶ãƒ—ãƒ­),ei13333
ã‚‚ã£ã•ã‚“,mosmos_21
TechFUL,tech_ful
pop_left,pop_left
not,not_522
prdğŸ¦,prd_xxx
ç«¶æŠ€ãƒ—ãƒ­ã‚°ãƒ©ãƒŸãƒ³ã‚°ã‚’ã™ã‚‹ãƒ•ãƒ¬ãƒ³ã‚º,kyopro_friends
ã‘ã‚“ã¡ã‚‡ã‚“,drken1215
chokudai(é«˜æ©‹ ç›´å¤§)ğŸ†@AtCoderç¤¾é•·,chokudai
